"MSA","FIPS"
"MONTGOMERY, AL","01001"
"MOBILE, AL","01003"
"RURAL","01005"
"RURAL","01007"
"BIRMINGHAM, AL","01009"
"RURAL","01011"
"RURAL","01013"
"ANNISTON, AL","01015"
"RURAL","01017"
"RURAL","01019"
"RURAL","01021"
"RURAL","01023"
"RURAL","01025"
"RURAL","01027"
"RURAL","01029"
"RURAL","01031"
"FLORENCE, AL","01033"
"RURAL","01035"
"RURAL","01037"
"RURAL","01039"
"RURAL","01041"
"RURAL","01043"
"DOTHAN, AL","01045"
"RURAL","01047"
"RURAL","01049"
"MONTGOMERY, AL","01051"
"RURAL","01053"
"GADSDEN, AL","01055"
"RURAL","01057"
"RURAL","01059"
"RURAL","01061"
"RURAL","01063"
"RURAL","01065"
"RURAL","01067"
"DOTHAN, AL","01069"
"RURAL","01071"
"BIRMINGHAM, AL","01073"
"RURAL","01075"
"FLORENCE, AL","01077"
"DECATUR, AL","01079"
"RURAL","01081"
"HUNTSVILLE, AL","01083"
"RURAL","01085"
"RURAL","01087"
"HUNTSVILLE, AL","01089"
"RURAL","01091"
"RURAL","01093"
"RURAL","01095"
"MOBILE, AL","01097"
"RURAL","01099"
"MONTGOMERY, AL","01101"
"DECATUR, AL","01103"
"RURAL","01105"
"RURAL","01107"
"RURAL","01109"
"RURAL","01111"
"COLUMBUS, GA","01113"
"BIRMINGHAM, AL","01115"
"BIRMINGHAM, AL","01117"
"RURAL","01119"
"RURAL","01121"
"RURAL","01123"
"TUSCALOOSA, AL","01125"
"RURAL","01127"
"RURAL","01129"
"RURAL","01131"
"RURAL","01133"
"RURAL","02013"
"RURAL","02016"
"ANCHORAGE, AK","02020"
"RURAL","02050"
"RURAL","02060"
"RURAL","02068"
"RURAL","02070"
"RURAL","02090"
"RURAL","02100"
"RURAL","02110"
"RURAL","02122"
"RURAL","02130"
"RURAL","02150"
"RURAL","02164"
"RURAL","02170"
"RURAL","02180"
"RURAL","02185"
"RURAL","02188"
"RURAL","02201"
"RURAL","02220"
"RURAL","02232"
"RURAL","02240"
"RURAL","02261"
"RURAL","02270"
"RURAL","02280"
"RURAL","02282"
"RURAL","02290"
"RURAL","04001"
"RURAL","04003"
"FLAGSTAFF, AZ","04005"
"RURAL","04007"
"RURAL","04009"
"RURAL","04011"
"RURAL","04012"
"PHOENIX, AZ","04013"
"LAS VEGAS, NV","04015"
"RURAL","04017"
"TUCSON, AZ","04019"
"PHOENIX, AZ","04021"
"RURAL","04023"
"RURAL","04025"
"YUMA, AZ","04027"
"RURAL","05001"
"RURAL","05003"
"RURAL","05005"
"FAYETTEVILLE, AR","05007"
"RURAL","05009"
"RURAL","05011"
"RURAL","05013"
"RURAL","05015"
"RURAL","05017"
"RURAL","05019"
"RURAL","05021"
"RURAL","05023"
"RURAL","05025"
"RURAL","05027"
"RURAL","05029"
"JONESBORO, AR","05031"
"FORT SMITH, AR","05033"
"MEMPHIS, TN","05035"
"RURAL","05037"
"RURAL","05039"
"RURAL","05041"
"RURAL","05043"
"LITTLE ROCK, AR","05045"
"RURAL","05047"
"RURAL","05049"
"RURAL","05051"
"RURAL","05053"
"RURAL","05055"
"RURAL","05057"
"RURAL","05059"
"RURAL","05061"
"RURAL","05063"
"RURAL","05065"
"RURAL","05067"
"PINE BLUFF, AR","05069"
"RURAL","05071"
"RURAL","05073"
"RURAL","05075"
"RURAL","05077"
"RURAL","05079"
"RURAL","05081"
"RURAL","05083"
"LITTLE ROCK, AR","05085"
"RURAL","05087"
"RURAL","05089"
"TEXARKANA, TX","05091"
"RURAL","05093"
"RURAL","05095"
"RURAL","05097"
"RURAL","05099"
"RURAL","05101"
"RURAL","05103"
"RURAL","05105"
"RURAL","05107"
"RURAL","05109"
"RURAL","05111"
"RURAL","05113"
"RURAL","05115"
"RURAL","05117"
"LITTLE ROCK, AR","05119"
"RURAL","05121"
"RURAL","05123"
"LITTLE ROCK, AR","05125"
"RURAL","05127"
"RURAL","05129"
"FORT SMITH, AR","05131"
"RURAL","05133"
"RURAL","05135"
"RURAL","05137"
"RURAL","05139"
"RURAL","05141"
"FAYETTEVILLE, AR","05143"
"RURAL","05145"
"RURAL","05147"
"RURAL","05149"
"SAN FRANCISCO, CA","06001"
"RURAL","06003"
"RURAL","06005"
"CHICO, CA","06007"
"RURAL","06009"
"RURAL","06011"
"SAN FRANCISCO, CA","06013"
"RURAL","06015"
"SACRAMENTO, CA","06017"
"FRESNO, CA","06019"
"RURAL","06021"
"RURAL","06023"
"RURAL","06025"
"RURAL","06027"
"BAKERSFIELD, CA","06029"
"RURAL","06031"
"RURAL","06033"
"RURAL","06035"
"LOS ANGELES, CA","06037"
"FRESNO, CA","06039"
"SAN FRANCISCO, CA","06041"
"RURAL","06043"
"RURAL","06045"
"MERCED, CA","06047"
"RURAL","06049"
"RURAL","06051"
"SALINAS, CA","06053"
"SAN FRANCISCO, CA","06055"
"RURAL","06057"
"LOS ANGELES, CA","06059"
"SACRAMENTO, CA","06061"
"RURAL","06063"
"LOS ANGELES, CA","06065"
"SACRAMENTO, CA","06067"
"RURAL","06069"
"LOS ANGELES, CA","06071"
"SAN DIEGO, CA","06073"
"SAN FRANCISCO, CA","06075"
"STOCKTON, CA","06077"
"SN LUIS OBISP, CA","06079"
"SAN FRANCISCO, CA","06081"
"SANTA BARBARA, CA","06083"
"SAN FRANCISCO, CA","06085"
"SAN FRANCISCO, CA","06087"
"REDDING, CA","06089"
"RURAL","06091"
"RURAL","06093"
"SAN FRANCISCO, CA","06095"
"SAN FRANCISCO, CA","06097"
"MODESTO, CA","06099"
"YUBA CITY, CA","06101"
"RURAL","06103"
"RURAL","06105"
"VISALIA, CA","06107"
"RURAL","06109"
"LOS ANGELES, CA","06111"
"SACRAMENTO, CA","06113"
"YUBA CITY, CA","06115"
"DENVER, CO","08001"
"RURAL","08003"
"DENVER, CO","08005"
"RURAL","08007"
"RURAL","08009"
"RURAL","08011"
"DENVER, CO","08013"
"DENVER, CO","08014"
"RURAL","08015"
"RURAL","08017"
"RURAL","08019"
"RURAL","08021"
"RURAL","08023"
"RURAL","08025"
"RURAL","08027"
"RURAL","08029"
"DENVER, CO","08031"
"RURAL","08033"
"DENVER, CO","08035"
"RURAL","08037"
"RURAL","08039"
"COLORADO SPGS, CO","08041"
"RURAL","08043"
"RURAL","08045"
"RURAL","08047"
"RURAL","08049"
"RURAL","08051"
"RURAL","08053"
"RURAL","08055"
"RURAL","08057"
"DENVER, CO","08059"
"RURAL","08061"
"RURAL","08063"
"RURAL","08065"
"RURAL","08067"
"FORT COLLINS, CO","08069"
"RURAL","08071"
"RURAL","08073"
"RURAL","08075"
"GRAND JCT, CO","08077"
"RURAL","08079"
"RURAL","08081"
"RURAL","08083"
"RURAL","08085"
"RURAL","08087"
"RURAL","08089"
"RURAL","08091"
"RURAL","08093"
"RURAL","08095"
"RURAL","08097"
"RURAL","08099"
"PUEBLO, CO","08101"
"RURAL","08103"
"RURAL","08105"
"RURAL","08107"
"RURAL","08109"
"RURAL","08111"
"RURAL","08113"
"RURAL","08115"
"RURAL","08117"
"RURAL","08119"
"RURAL","08121"
"DENVER, CO","08123"
"RURAL","08125"
"NEW YORK, NY","09001"
"HARTFORD, CT","09003"
"RURAL","09005"
"HARTFORD, CT","09007"
"NEW YORK, NY","09009"
"NEW LONDON, CT","09011"
"HARTFORD, CT","09013"
"RURAL","09015"
"DOVER, DE","10001"
"PHILADELPHIA, PA","10003"
"RURAL","10005"
"WASHINGTON, DC","11001"
"GAINESVILLE, FL","12001"
"RURAL","12003"
"PANAMA CITY, FL","12005"
"RURAL","12007"
"MELBOURNE, FL","12009"
"FT LAUDERDALE, FL","12011"
"RURAL","12013"
"PUNTA GORDA, FL","12015"
"RURAL","12017"
"JACKSONVILLE, FL","12019"
"NAPLES, FL","12021"
"RURAL","12023"
"RURAL","12027"
"RURAL","12029"
"JACKSONVILLE, FL","12031"
"PENSACOLA, FL","12033"
"DAYTONA BEACH, FL","12035"
"RURAL","12037"
"TALLAHASSEE, FL","12039"
"RURAL","12041"
"RURAL","12043"
"RURAL","12045"
"RURAL","12047"
"RURAL","12049"
"RURAL","12051"
"TAMPA, FL","12053"
"RURAL","12055"
"TAMPA, FL","12057"
"RURAL","12059"
"RURAL","12061"
"RURAL","12063"
"RURAL","12065"
"RURAL","12067"
"ORLANDO, FL","12069"
"FORT MYERS, FL","12071"
"TALLAHASSEE, FL","12073"
"RURAL","12075"
"RURAL","12077"
"RURAL","12079"
"SARASOTA, FL","12081"
"OCALA, FL","12083"
"STUART, FL","12085"
"FT LAUDERDALE, FL","12086"
"RURAL","12087"
"JACKSONVILLE, FL","12089"
"FT WALTON BCH, FL","12091"
"RURAL","12093"
"ORLANDO, FL","12095"
"ORLANDO, FL","12097"
"WEST PALM BCH, FL","12099"
"TAMPA, FL","12101"
"TAMPA, FL","12103"
"LAKELAND, FL","12105"
"RURAL","12107"
"JACKSONVILLE, FL","12109"
"STUART, FL","12111"
"PENSACOLA, FL","12113"
"SARASOTA, FL","12115"
"ORLANDO, FL","12117"
"ORLANDO, FL","12119"
"RURAL","12121"
"RURAL","12123"
"RURAL","12125"
"DAYTONA BEACH, FL","12127"
"RURAL","12129"
"RURAL","12131"
"RURAL","12133"
"RURAL","13001"
"RURAL","13005"
"RURAL","13007"
"RURAL","13009"
"RURAL","13011"
"ATLANTA, GA","13013"
"ATLANTA, GA","13015"
"RURAL","13017"
"RURAL","13019"
"MACON, GA","13021"
"RURAL","13023"
"RURAL","13025"
"RURAL","13027"
"SAVANNAH, GA","13029"
"RURAL","13031"
"RURAL","13033"
"RURAL","13035"
"RURAL","13037"
"RURAL","13039"
"RURAL","13043"
"ATLANTA, GA","13045"
"CHATTANOOGA, TN","13047"
"RURAL","13049"
"SAVANNAH, GA","13051"
"RURAL","13055"
"ATLANTA, GA","13057"
"ATHENS, GA","13059"
"ATLANTA, GA","13063"
"RURAL","13065"
"ATLANTA, GA","13067"
"RURAL","13069"
"RURAL","13071"
"AUGUSTA, GA","13073"
"RURAL","13075"
"ATLANTA, GA","13077"
"RURAL","13079"
"RURAL","13081"
"CHATTANOOGA, TN","13083"
"RURAL","13085"
"RURAL","13087"
"ATLANTA, GA","13089"
"RURAL","13091"
"RURAL","13093"
"ALBANY, GA","13095"
"ATLANTA, GA","13097"
"RURAL","13099"
"RURAL","13101"
"SAVANNAH, GA","13103"
"RURAL","13105"
"RURAL","13107"
"RURAL","13109"
"RURAL","13111"
"ATLANTA, GA","13113"
"RURAL","13115"
"ATLANTA, GA","13117"
"RURAL","13119"
"ATLANTA, GA","13121"
"RURAL","13123"
"RURAL","13127"
"RURAL","13129"
"RURAL","13131"
"RURAL","13133"
"ATLANTA, GA","13135"
"RURAL","13137"
"RURAL","13139"
"RURAL","13141"
"RURAL","13143"
"COLUMBUS, GA","13145"
"RURAL","13147"
"RURAL","13149"
"ATLANTA, GA","13151"
"MACON, GA","13153"
"RURAL","13155"
"RURAL","13157"
"RURAL","13159"
"RURAL","13161"
"RURAL","13163"
"RURAL","13165"
"RURAL","13167"
"MACON, GA","13169"
"RURAL","13171"
"RURAL","13173"
"RURAL","13175"
"ALBANY, GA","13177"
"RURAL","13179"
"RURAL","13181"
"RURAL","13183"
"RURAL","13185"
"RURAL","13187"
"AUGUSTA, GA","13189"
"RURAL","13191"
"RURAL","13193"
"ATHENS, GA","13195"
"RURAL","13197"
"RURAL","13199"
"RURAL","13201"
"RURAL","13205"
"RURAL","13207"
"RURAL","13209"
"RURAL","13211"
"RURAL","13213"
"COLUMBUS, GA","13215"
"ATLANTA, GA","13217"
"ATHENS, GA","13219"
"RURAL","13221"
"ATLANTA, GA","13223"
"MACON, GA","13225"
"ATLANTA, GA","13227"
"RURAL","13229"
"RURAL","13231"
"RURAL","13233"
"RURAL","13235"
"RURAL","13237"
"RURAL","13239"
"RURAL","13241"
"RURAL","13243"
"AUGUSTA, GA","13245"
"ATLANTA, GA","13247"
"RURAL","13249"
"RURAL","13251"
"RURAL","13253"
"ATLANTA, GA","13255"
"RURAL","13257"
"RURAL","13259"
"RURAL","13261"
"RURAL","13263"
"RURAL","13267"
"RURAL","13269"
"RURAL","13271"
"RURAL","13273"
"RURAL","13275"
"RURAL","13277"
"RURAL","13279"
"RURAL","13281"
"RURAL","13283"
"RURAL","13285"
"RURAL","13287"
"MACON, GA","13289"
"RURAL","13291"
"RURAL","13293"
"CHATTANOOGA, TN","13295"
"ATLANTA, GA","13297"
"RURAL","13299"
"RURAL","13301"
"RURAL","13303"
"RURAL","13305"
"RURAL","13311"
"RURAL","13313"
"RURAL","13315"
"RURAL","13317"
"RURAL","13319"
"RURAL","13321"
"RURAL","15001"
"HONOLULU, HI","15003"
"RURAL","15007"
"RURAL","15009"
"BOISE, ID","16001"
"RURAL","16003"
"POCATELLO, ID","16005"
"RURAL","16007"
"RURAL","16009"
"RURAL","16011"
"RURAL","16013"
"RURAL","16015"
"RURAL","16017"
"RURAL","16019"
"RURAL","16021"
"RURAL","16023"
"RURAL","16025"
"BOISE, ID","16027"
"RURAL","16029"
"RURAL","16031"
"RURAL","16035"
"RURAL","16037"
"RURAL","16039"
"RURAL","16041"
"RURAL","16043"
"RURAL","16045"
"RURAL","16047"
"RURAL","16049"
"RURAL","16051"
"RURAL","16053"
"RURAL","16055"
"RURAL","16057"
"RURAL","16059"
"RURAL","16061"
"RURAL","16063"
"RURAL","16065"
"RURAL","16067"
"RURAL","16069"
"RURAL","16071"
"RURAL","16073"
"RURAL","16075"
"RURAL","16077"
"RURAL","16079"
"RURAL","16081"
"RURAL","16083"
"RURAL","16085"
"RURAL","16087"
"RURAL","17001"
"RURAL","17003"
"RURAL","17005"
"ROCKFORD, IL","17007"
"RURAL","17009"
"RURAL","17011"
"RURAL","17013"
"RURAL","17015"
"RURAL","17017"
"CHAMPAIGN, IL","17019"
"RURAL","17021"
"RURAL","17023"
"RURAL","17025"
"SAINT LOUIS, MO","17027"
"RURAL","17029"
"CHICAGO, IL","17031"
"RURAL","17033"
"RURAL","17035"
"CHICAGO, IL","17037"
"RURAL","17039"
"RURAL","17041"
"CHICAGO, IL","17043"
"RURAL","17045"
"RURAL","17047"
"RURAL","17049"
"RURAL","17051"
"RURAL","17053"
"RURAL","17055"
"RURAL","17057"
"RURAL","17059"
"RURAL","17061"
"CHICAGO, IL","17063"
"RURAL","17065"
"RURAL","17067"
"RURAL","17069"
"RURAL","17071"
"DAVENPORT, IA","17073"
"RURAL","17075"
"RURAL","17077"
"RURAL","17079"
"RURAL","17081"
"SAINT LOUIS, MO","17083"
"RURAL","17085"
"RURAL","17087"
"CHICAGO, IL","17089"
"CHICAGO, IL","17091"
"CHICAGO, IL","17093"
"RURAL","17095"
"CHICAGO, IL","17097"
"RURAL","17099"
"RURAL","17101"
"RURAL","17103"
"RURAL","17105"
"RURAL","17107"
"RURAL","17109"
"CHICAGO, IL","17111"
"BLOOMINGTON, IL","17113"
"DECATUR, IL","17115"
"RURAL","17117"
"SAINT LOUIS, MO","17119"
"RURAL","17121"
"RURAL","17123"
"RURAL","17125"
"RURAL","17127"
"SPRINGFIELD, IL","17129"
"RURAL","17131"
"SAINT LOUIS, MO","17133"
"RURAL","17135"
"RURAL","17137"
"RURAL","17139"
"ROCKFORD, IL","17141"
"PEORIA, IL","17143"
"RURAL","17145"
"RURAL","17147"
"RURAL","17149"
"RURAL","17151"
"RURAL","17153"
"RURAL","17155"
"RURAL","17157"
"RURAL","17159"
"DAVENPORT, IA","17161"
"SAINT LOUIS, MO","17163"
"RURAL","17165"
"SPRINGFIELD, IL","17167"
"RURAL","17169"
"RURAL","17171"
"RURAL","17173"
"RURAL","17175"
"RURAL","17177"
"PEORIA, IL","17179"
"RURAL","17181"
"RURAL","17183"
"RURAL","17185"
"RURAL","17187"
"RURAL","17189"
"RURAL","17191"
"RURAL","17193"
"RURAL","17195"
"CHICAGO, IL","17197"
"RURAL","17199"
"ROCKFORD, IL","17201"
"PEORIA, IL","17203"
"FORT WAYNE, IN","18001"
"FORT WAYNE, IN","18003"
"RURAL","18005"
"RURAL","18007"
"RURAL","18009"
"INDIANAPOLIS, IN","18011"
"RURAL","18013"
"RURAL","18015"
"RURAL","18017"
"LOUISVILLE, KY","18019"
"TERRE HAUTE, IN","18021"
"LAFAYETTE, IN","18023"
"RURAL","18025"
"RURAL","18027"
"CINCINNATI, OH","18029"
"RURAL","18031"
"FORT WAYNE, IN","18033"
"MUNCIE, IN","18035"
"RURAL","18037"
"ELKHART, IN","18039"
"RURAL","18041"
"LOUISVILLE, KY","18043"
"RURAL","18045"
"RURAL","18047"
"RURAL","18049"
"RURAL","18051"
"RURAL","18053"
"RURAL","18055"
"INDIANAPOLIS, IN","18057"
"INDIANAPOLIS, IN","18059"
"LOUISVILLE, KY","18061"
"INDIANAPOLIS, IN","18063"
"RURAL","18065"
"KOKOMO, IN","18067"
"FORT WAYNE, IN","18069"
"RURAL","18071"
"RURAL","18073"
"RURAL","18075"
"RURAL","18077"
"RURAL","18079"
"INDIANAPOLIS, IN","18081"
"RURAL","18083"
"RURAL","18085"
"RURAL","18087"
"CHICAGO, IL","18089"
"RURAL","18091"
"RURAL","18093"
"INDIANAPOLIS, IN","18095"
"INDIANAPOLIS, IN","18097"
"RURAL","18099"
"RURAL","18101"
"RURAL","18103"
"BLOOMINGTON, IN","18105"
"RURAL","18107"
"INDIANAPOLIS, IN","18109"
"RURAL","18111"
"RURAL","18113"
"CINCINNATI, OH","18115"
"RURAL","18117"
"RURAL","18119"
"RURAL","18121"
"RURAL","18123"
"RURAL","18125"
"CHICAGO, IL","18127"
"EVANSVILLE, IN","18129"
"RURAL","18131"
"RURAL","18133"
"RURAL","18135"
"RURAL","18137"
"RURAL","18139"
"SOUTH BEND, IN","18141"
"LOUISVILLE, KY","18143"
"INDIANAPOLIS, IN","18145"
"RURAL","18147"
"RURAL","18149"
"RURAL","18151"
"RURAL","18153"
"RURAL","18155"
"LAFAYETTE, IN","18157"
"KOKOMO, IN","18159"
"RURAL","18161"
"EVANSVILLE, IN","18163"
"TERRE HAUTE, IN","18165"
"TERRE HAUTE, IN","18167"
"RURAL","18169"
"RURAL","18171"
"EVANSVILLE, IN","18173"
"RURAL","18175"
"RURAL","18177"
"FORT WAYNE, IN","18179"
"RURAL","18181"
"FORT WAYNE, IN","18183"
"RURAL","19001"
"RURAL","19003"
"RURAL","19005"
"RURAL","19007"
"RURAL","19009"
"RURAL","19011"
"WATERLOO, IA","19013"
"RURAL","19015"
"RURAL","19017"
"RURAL","19019"
"RURAL","19021"
"RURAL","19023"
"RURAL","19025"
"RURAL","19027"
"RURAL","19029"
"RURAL","19031"
"RURAL","19033"
"RURAL","19035"
"RURAL","19037"
"RURAL","19039"
"RURAL","19041"
"RURAL","19043"
"RURAL","19045"
"RURAL","19047"
"DES MOINES, IA","19049"
"RURAL","19051"
"RURAL","19053"
"RURAL","19055"
"RURAL","19057"
"RURAL","19059"
"DUBUQUE, IA","19061"
"RURAL","19063"
"RURAL","19065"
"RURAL","19067"
"RURAL","19069"
"RURAL","19071"
"RURAL","19073"
"RURAL","19075"
"RURAL","19077"
"RURAL","19079"
"RURAL","19081"
"RURAL","19083"
"RURAL","19085"
"RURAL","19087"
"RURAL","19089"
"RURAL","19091"
"RURAL","19093"
"RURAL","19095"
"RURAL","19097"
"RURAL","19099"
"RURAL","19101"
"IOWA CITY, IA","19103"
"RURAL","19105"
"RURAL","19107"
"RURAL","19109"
"RURAL","19111"
"CEDAR RAPIDS, IA","19113"
"RURAL","19115"
"RURAL","19117"
"RURAL","19119"
"RURAL","19121"
"RURAL","19123"
"RURAL","19125"
"RURAL","19127"
"RURAL","19129"
"RURAL","19131"
"RURAL","19133"
"RURAL","19135"
"RURAL","19137"
"RURAL","19139"
"RURAL","19141"
"RURAL","19143"
"RURAL","19145"
"RURAL","19147"
"RURAL","19149"
"RURAL","19151"
"DES MOINES, IA","19153"
"OMAHA, NE","19155"
"RURAL","19157"
"RURAL","19159"
"RURAL","19161"
"DAVENPORT, IA","19163"
"RURAL","19165"
"RURAL","19167"
"RURAL","19169"
"RURAL","19171"
"RURAL","19173"
"RURAL","19175"
"RURAL","19177"
"RURAL","19179"
"DES MOINES, IA","19181"
"RURAL","19183"
"RURAL","19185"
"RURAL","19187"
"RURAL","19189"
"RURAL","19191"
"SIOUX CITY, IA","19193"
"RURAL","19195"
"RURAL","19197"
"RURAL","20001"
"RURAL","20003"
"RURAL","20005"
"RURAL","20007"
"RURAL","20009"
"RURAL","20011"
"RURAL","20013"
"WICHITA, KS","20015"
"RURAL","20017"
"RURAL","20019"
"RURAL","20021"
"RURAL","20023"
"RURAL","20025"
"RURAL","20027"
"RURAL","20029"
"RURAL","20031"
"RURAL","20033"
"RURAL","20035"
"RURAL","20037"
"RURAL","20039"
"RURAL","20041"
"RURAL","20043"
"LAWRENCE, KS","20045"
"RURAL","20047"
"RURAL","20049"
"RURAL","20051"
"RURAL","20053"
"RURAL","20055"
"RURAL","20057"
"RURAL","20059"
"RURAL","20061"
"RURAL","20063"
"RURAL","20065"
"RURAL","20067"
"RURAL","20069"
"RURAL","20071"
"RURAL","20073"
"RURAL","20075"
"RURAL","20077"
"WICHITA, KS","20079"
"RURAL","20081"
"RURAL","20083"
"RURAL","20085"
"RURAL","20087"
"RURAL","20089"
"KANSAS CITY, MO","20091"
"RURAL","20093"
"RURAL","20095"
"RURAL","20097"
"RURAL","20099"
"RURAL","20101"
"KANSAS CITY, MO","20103"
"RURAL","20105"
"RURAL","20107"
"RURAL","20109"
"RURAL","20111"
"RURAL","20113"
"RURAL","20115"
"RURAL","20117"
"RURAL","20119"
"KANSAS CITY, MO","20121"
"RURAL","20123"
"RURAL","20125"
"RURAL","20127"
"RURAL","20129"
"RURAL","20131"
"RURAL","20133"
"RURAL","20135"
"RURAL","20137"
"RURAL","20139"
"RURAL","20141"
"RURAL","20143"
"RURAL","20145"
"RURAL","20147"
"RURAL","20149"
"RURAL","20151"
"RURAL","20153"
"RURAL","20155"
"RURAL","20157"
"RURAL","20159"
"RURAL","20161"
"RURAL","20163"
"RURAL","20165"
"RURAL","20167"
"RURAL","20169"
"RURAL","20171"
"WICHITA, KS","20173"
"RURAL","20175"
"TOPEKA, KS","20177"
"RURAL","20179"
"RURAL","20181"
"RURAL","20183"
"RURAL","20185"
"RURAL","20189"
"RURAL","20191"
"RURAL","20193"
"RURAL","20195"
"RURAL","20197"
"RURAL","20199"
"RURAL","20201"
"RURAL","20203"
"RURAL","20205"
"RURAL","20207"
"KANSAS CITY, MO","20209"
"RURAL","21001"
"RURAL","21003"
"RURAL","21005"
"RURAL","21007"
"RURAL","21009"
"RURAL","21011"
"RURAL","21013"
"CINCINNATI, OH","21015"
"LEXINGTON, KY","21017"
"HUNTINGTON, WV","21019"
"RURAL","21021"
"RURAL","21023"
"RURAL","21025"
"RURAL","21027"
"LOUISVILLE, KY","21029"
"RURAL","21031"
"RURAL","21033"
"RURAL","21035"
"CINCINNATI, OH","21037"
"RURAL","21039"
"RURAL","21041"
"HUNTINGTON, WV","21043"
"RURAL","21045"
"CLARKSVILLE, TN","21047"
"LEXINGTON, KY","21049"
"RURAL","21051"
"RURAL","21053"
"RURAL","21055"
"RURAL","21057"
"OWENSBORO, KY","21059"
"RURAL","21061"
"RURAL","21063"
"RURAL","21065"
"LEXINGTON, KY","21067"
"RURAL","21069"
"RURAL","21071"
"RURAL","21073"
"RURAL","21075"
"CINCINNATI, OH","21077"
"RURAL","21079"
"CINCINNATI, OH","21081"
"RURAL","21083"
"RURAL","21085"
"RURAL","21087"
"HUNTINGTON, WV","21089"
"RURAL","21091"
"RURAL","21093"
"RURAL","21095"
"RURAL","21097"
"RURAL","21099"
"EVANSVILLE, IN","21101"
"RURAL","21103"
"RURAL","21105"
"RURAL","21107"
"RURAL","21109"
"LOUISVILLE, KY","21111"
"LEXINGTON, KY","21113"
"RURAL","21115"
"CINCINNATI, OH","21117"
"RURAL","21119"
"RURAL","21121"
"RURAL","21123"
"RURAL","21125"
"RURAL","21127"
"RURAL","21129"
"RURAL","21131"
"RURAL","21133"
"RURAL","21135"
"RURAL","21137"
"RURAL","21139"
"RURAL","21141"
"RURAL","21143"
"RURAL","21145"
"RURAL","21147"
"RURAL","21149"
"LEXINGTON, KY","21151"
"RURAL","21153"
"RURAL","21155"
"RURAL","21157"
"RURAL","21159"
"RURAL","21161"
"RURAL","21163"
"RURAL","21165"
"RURAL","21167"
"RURAL","21169"
"RURAL","21171"
"RURAL","21173"
"RURAL","21175"
"RURAL","21177"
"RURAL","21179"
"RURAL","21181"
"RURAL","21183"
"LOUISVILLE, KY","21185"
"RURAL","21187"
"RURAL","21189"
"CINCINNATI, OH","21191"
"RURAL","21193"
"RURAL","21195"
"RURAL","21197"
"RURAL","21199"
"RURAL","21203"
"RURAL","21205"
"RURAL","21207"
"LEXINGTON, KY","21209"
"RURAL","21211"
"RURAL","21213"
"RURAL","21215"
"RURAL","21217"
"RURAL","21219"
"RURAL","21221"
"RURAL","21223"
"RURAL","21225"
"RURAL","21227"
"RURAL","21229"
"RURAL","21231"
"RURAL","21233"
"RURAL","21235"
"RURAL","21237"
"LEXINGTON, KY","21239"
"LAFAYETTE, LA","22001"
"RURAL","22003"
"BATON ROUGE, LA","22005"
"RURAL","22007"
"RURAL","22009"
"RURAL","22011"
"RURAL","22013"
"SHREVEPORT, LA","22015"
"SHREVEPORT, LA","22017"
"LAKE CHARLES, LA","22019"
"RURAL","22021"
"RURAL","22023"
"RURAL","22025"
"RURAL","22027"
"RURAL","22029"
"RURAL","22031"
"BATON ROUGE, LA","22033"
"RURAL","22035"
"RURAL","22037"
"RURAL","22039"
"RURAL","22041"
"RURAL","22043"
"RURAL","22045"
"RURAL","22047"
"RURAL","22049"
"NEW ORLEANS, LA","22051"
"RURAL","22053"
"LAFAYETTE, LA","22055"
"HOUMA, LA","22057"
"RURAL","22059"
"RURAL","22061"
"BATON ROUGE, LA","22063"
"RURAL","22065"
"RURAL","22067"
"RURAL","22069"
"NEW ORLEANS, LA","22071"
"MONROE, LA","22073"
"NEW ORLEANS, LA","22075"
"RURAL","22077"
"ALEXANDRIA, LA","22079"
"RURAL","22081"
"RURAL","22083"
"RURAL","22085"
"NEW ORLEANS, LA","22087"
"NEW ORLEANS, LA","22089"
"RURAL","22091"
"NEW ORLEANS, LA","22093"
"NEW ORLEANS, LA","22095"
"LAFAYETTE, LA","22097"
"LAFAYETTE, LA","22099"
"RURAL","22101"
"NEW ORLEANS, LA","22103"
"RURAL","22105"
"RURAL","22107"
"HOUMA, LA","22109"
"RURAL","22111"
"RURAL","22113"
"RURAL","22115"
"RURAL","22117"
"SHREVEPORT, LA","22119"
"BATON ROUGE, LA","22121"
"RURAL","22123"
"RURAL","22125"
"RURAL","22127"
"LEWISTON, ME","23001"
"RURAL","23003"
"PORTLAND, ME","23005"
"RURAL","23007"
"RURAL","23009"
"RURAL","23011"
"RURAL","23013"
"RURAL","23015"
"RURAL","23017"
"BANGOR, ME","23019"
"RURAL","23021"
"RURAL","23023"
"RURAL","23025"
"RURAL","23027"
"RURAL","23029"
"RURAL","23031"
"CUMBERLAND, MD","24001"
"WASHINGTON, DC","24003"
"WASHINGTON, DC","24005"
"WASHINGTON, DC","24009"
"RURAL","24011"
"WASHINGTON, DC","24013"
"PHILADELPHIA, PA","24015"
"WASHINGTON, DC","24017"
"RURAL","24019"
"WASHINGTON, DC","24021"
"RURAL","24023"
"WASHINGTON, DC","24025"
"WASHINGTON, DC","24027"
"RURAL","24029"
"WASHINGTON, DC","24031"
"WASHINGTON, DC","24033"
"WASHINGTON, DC","24035"
"RURAL","24037"
"RURAL","24039"
"RURAL","24041"
"WASHINGTON, DC","24043"
"RURAL","24045"
"RURAL","24047"
"WASHINGTON, DC","24510"
"HYANNIS, MA","25001"
"PITTSFIELD, MA","25003"
"BOSTON, MA","25005"
"RURAL","25007"
"BOSTON, MA","25009"
"RURAL","25011"
"SPRINGFIELD, MA","25013"
"SPRINGFIELD, MA","25015"
"BOSTON, MA","25017"
"RURAL","25019"
"BOSTON, MA","25021"
"BOSTON, MA","25023"
"BOSTON, MA","25025"
"BOSTON, MA","25027"
"RURAL","26001"
"RURAL","26003"
"GRAND RAPIDS, MI","26005"
"RURAL","26007"
"RURAL","26009"
"RURAL","26011"
"RURAL","26013"
"RURAL","26015"
"MIDLAND, MI","26017"
"RURAL","26019"
"BENTON HARBOR, MI","26021"
"RURAL","26023"
"KALAMAZOO, MI","26025"
"RURAL","26027"
"RURAL","26029"
"RURAL","26031"
"RURAL","26033"
"RURAL","26035"
"LANSING, MI","26037"
"RURAL","26039"
"RURAL","26041"
"RURAL","26043"
"LANSING, MI","26045"
"RURAL","26047"
"DETROIT, MI","26049"
"RURAL","26051"
"RURAL","26053"
"RURAL","26055"
"RURAL","26057"
"RURAL","26059"
"RURAL","26061"
"RURAL","26063"
"LANSING, MI","26065"
"RURAL","26067"
"RURAL","26069"
"RURAL","26071"
"RURAL","26073"
"JACKSON, MI","26075"
"KALAMAZOO, MI","26077"
"RURAL","26079"
"GRAND RAPIDS, MI","26081"
"RURAL","26083"
"RURAL","26085"
"DETROIT, MI","26087"
"RURAL","26089"
"DETROIT, MI","26091"
"DETROIT, MI","26093"
"RURAL","26095"
"RURAL","26097"
"DETROIT, MI","26099"
"RURAL","26101"
"RURAL","26103"
"RURAL","26105"
"RURAL","26107"
"RURAL","26109"
"MIDLAND, MI","26111"
"RURAL","26113"
"DETROIT, MI","26115"
"RURAL","26117"
"RURAL","26119"
"GRAND RAPIDS, MI","26121"
"RURAL","26123"
"DETROIT, MI","26125"
"RURAL","26127"
"RURAL","26129"
"RURAL","26131"
"RURAL","26133"
"RURAL","26135"
"RURAL","26137"
"GRAND RAPIDS, MI","26139"
"RURAL","26141"
"RURAL","26143"
"MIDLAND, MI","26145"
"DETROIT, MI","26147"
"RURAL","26149"
"RURAL","26151"
"RURAL","26153"
"RURAL","26155"
"RURAL","26157"
"KALAMAZOO, MI","26159"
"DETROIT, MI","26161"
"DETROIT, MI","26163"
"RURAL","26165"
"RURAL","27001"
"MINNEAPOLIS, MN","27003"
"RURAL","27005"
"RURAL","27007"
"SAINT CLOUD, MN","27009"
"RURAL","27011"
"RURAL","27013"
"RURAL","27015"
"RURAL","27017"
"MINNEAPOLIS, MN","27019"
"RURAL","27021"
"RURAL","27023"
"MINNEAPOLIS, MN","27025"
"FARGO, ND","27027"
"RURAL","27029"
"RURAL","27031"
"RURAL","27033"
"RURAL","27035"
"MINNEAPOLIS, MN","27037"
"RURAL","27039"
"RURAL","27041"
"RURAL","27043"
"RURAL","27045"
"RURAL","27047"
"RURAL","27049"
"RURAL","27051"
"MINNEAPOLIS, MN","27053"
"LA CROSSE, WI","27055"
"RURAL","27057"
"MINNEAPOLIS, MN","27059"
"RURAL","27061"
"RURAL","27063"
"RURAL","27065"
"RURAL","27067"
"RURAL","27069"
"RURAL","27071"
"RURAL","27073"
"RURAL","27075"
"RURAL","27077"
"RURAL","27079"
"RURAL","27081"
"RURAL","27083"
"RURAL","27085"
"RURAL","27087"
"RURAL","27089"
"RURAL","27091"
"RURAL","27093"
"RURAL","27095"
"RURAL","27097"
"RURAL","27099"
"RURAL","27101"
"RURAL","27103"
"RURAL","27105"
"RURAL","27107"
"ROCHESTER, MN","27109"
"RURAL","27111"
"RURAL","27113"
"RURAL","27115"
"RURAL","27117"
"GRAND FORKS, ND","27119"
"RURAL","27121"
"MINNEAPOLIS, MN","27123"
"RURAL","27125"
"RURAL","27127"
"RURAL","27129"
"RURAL","27131"
"RURAL","27133"
"RURAL","27135"
"DULUTH, MN","27137"
"MINNEAPOLIS, MN","27139"
"MINNEAPOLIS, MN","27141"
"RURAL","27143"
"SAINT CLOUD, MN","27145"
"RURAL","27147"
"RURAL","27149"
"RURAL","27151"
"RURAL","27153"
"RURAL","27155"
"RURAL","27157"
"RURAL","27159"
"RURAL","27161"
"MINNEAPOLIS, MN","27163"
"RURAL","27165"
"RURAL","27167"
"RURAL","27169"
"MINNEAPOLIS, MN","27171"
"RURAL","27173"
"RURAL","28001"
"RURAL","28003"
"RURAL","28005"
"RURAL","28007"
"RURAL","28009"
"RURAL","28011"
"RURAL","28013"
"RURAL","28017"
"RURAL","28019"
"RURAL","28021"
"RURAL","28023"
"RURAL","28025"
"RURAL","28027"
"RURAL","28029"
"RURAL","28031"
"MEMPHIS, TN","28033"
"HATTIESBURG, MS","28035"
"RURAL","28037"
"RURAL","28039"
"RURAL","28041"
"RURAL","28043"
"GULFPORT, MS","28045"
"GULFPORT, MS","28047"
"JACKSON, MS","28049"
"RURAL","28051"
"RURAL","28053"
"RURAL","28055"
"RURAL","28057"
"GULFPORT, MS","28059"
"RURAL","28061"
"RURAL","28063"
"RURAL","28065"
"RURAL","28067"
"RURAL","28069"
"RURAL","28071"
"HATTIESBURG, MS","28073"
"RURAL","28075"
"RURAL","28077"
"RURAL","28079"
"RURAL","28081"
"RURAL","28083"
"RURAL","28085"
"RURAL","28087"
"JACKSON, MS","28089"
"RURAL","28091"
"RURAL","28093"
"RURAL","28095"
"RURAL","28097"
"RURAL","28099"
"RURAL","28101"
"RURAL","28103"
"RURAL","28105"
"RURAL","28107"
"RURAL","28109"
"RURAL","28111"
"RURAL","28113"
"RURAL","28115"
"RURAL","28117"
"RURAL","28119"
"JACKSON, MS","28121"
"RURAL","28123"
"RURAL","28125"
"RURAL","28127"
"RURAL","28129"
"RURAL","28131"
"RURAL","28133"
"RURAL","28135"
"RURAL","28137"
"RURAL","28139"
"RURAL","28141"
"RURAL","28143"
"RURAL","28145"
"RURAL","28147"
"RURAL","28149"
"RURAL","28151"
"RURAL","28153"
"RURAL","28155"
"RURAL","28157"
"RURAL","28159"
"RURAL","28161"
"RURAL","28163"
"RURAL","29001"
"SAINT JOSEPH, MO","29003"
"RURAL","29005"
"RURAL","29007"
"RURAL","29009"
"RURAL","29011"
"RURAL","29013"
"RURAL","29015"
"RURAL","29017"
"COLUMBIA, MO","29019"
"SAINT JOSEPH, MO","29021"
"RURAL","29023"
"RURAL","29025"
"RURAL","29027"
"RURAL","29029"
"RURAL","29031"
"RURAL","29033"
"RURAL","29035"
"KANSAS CITY, MO","29037"
"RURAL","29039"
"RURAL","29041"
"SPRINGFIELD, MO","29043"
"RURAL","29045"
"KANSAS CITY, MO","29047"
"KANSAS CITY, MO","29049"
"RURAL","29051"
"RURAL","29053"
"RURAL","29055"
"RURAL","29057"
"RURAL","29059"
"RURAL","29061"
"RURAL","29063"
"RURAL","29065"
"RURAL","29067"
"RURAL","29069"
"SAINT LOUIS, MO","29071"
"RURAL","29073"
"RURAL","29075"
"SPRINGFIELD, MO","29077"
"RURAL","29079"
"RURAL","29081"
"RURAL","29083"
"RURAL","29085"
"RURAL","29087"
"RURAL","29089"
"RURAL","29091"
"RURAL","29093"
"KANSAS CITY, MO","29095"
"JOPLIN, MO","29097"
"SAINT LOUIS, MO","29099"
"RURAL","29101"
"RURAL","29103"
"RURAL","29105"
"KANSAS CITY, MO","29107"
"JOPLIN, MO","29109"
"RURAL","29111"
"SAINT LOUIS, MO","29113"
"RURAL","29115"
"RURAL","29117"
"RURAL","29119"
"RURAL","29121"
"RURAL","29123"
"RURAL","29125"
"RURAL","29127"
"RURAL","29129"
"RURAL","29131"
"RURAL","29133"
"RURAL","29135"
"RURAL","29137"
"RURAL","29139"
"RURAL","29141"
"RURAL","29143"
"JOPLIN, MO","29145"
"RURAL","29147"
"RURAL","29149"
"RURAL","29151"
"RURAL","29153"
"RURAL","29155"
"RURAL","29157"
"RURAL","29159"
"RURAL","29161"
"RURAL","29163"
"KANSAS CITY, MO","29165"
"RURAL","29167"
"RURAL","29169"
"RURAL","29171"
"RURAL","29173"
"RURAL","29175"
"KANSAS CITY, MO","29177"
"RURAL","29179"
"RURAL","29181"
"SAINT LOUIS, MO","29183"
"RURAL","29185"
"RURAL","29186"
"RURAL","29187"
"SAINT LOUIS, MO","29189"
"RURAL","29195"
"RURAL","29197"
"RURAL","29199"
"RURAL","29201"
"RURAL","29203"
"RURAL","29205"
"RURAL","29207"
"RURAL","29209"
"RURAL","29211"
"RURAL","29213"
"RURAL","29215"
"RURAL","29217"
"SAINT LOUIS, MO","29219"
"RURAL","29221"
"RURAL","29223"
"SPRINGFIELD, MO","29225"
"RURAL","29229"
"SAINT LOUIS, MO","29510"
"RURAL","30001"
"RURAL","30003"
"RURAL","30005"
"RURAL","30007"
"RURAL","30009"
"RURAL","30011"
"GREAT FALLS, MT","30013"
"RURAL","30015"
"RURAL","30017"
"RURAL","30019"
"RURAL","30021"
"RURAL","30023"
"RURAL","30025"
"RURAL","30027"
"RURAL","30029"
"RURAL","30031"
"RURAL","30033"
"RURAL","30035"
"RURAL","30039"
"RURAL","30041"
"RURAL","30043"
"RURAL","30045"
"RURAL","30047"
"RURAL","30049"
"RURAL","30051"
"RURAL","30053"
"RURAL","30055"
"RURAL","30057"
"RURAL","30059"
"RURAL","30061"
"RURAL","30063"
"RURAL","30065"
"RURAL","30067"
"RURAL","30071"
"RURAL","30073"
"RURAL","30075"
"RURAL","30077"
"RURAL","30079"
"RURAL","30081"
"RURAL","30083"
"RURAL","30085"
"RURAL","30087"
"RURAL","30089"
"RURAL","30091"
"RURAL","30093"
"RURAL","30095"
"RURAL","30097"
"RURAL","30099"
"RURAL","30101"
"RURAL","30105"
"RURAL","30107"
"BILLINGS, MT","30111"
"RURAL","31001"
"RURAL","31003"
"RURAL","31011"
"RURAL","31013"
"RURAL","31015"
"RURAL","31017"
"RURAL","31019"
"RURAL","31021"
"RURAL","31023"
"OMAHA, NE","31025"
"RURAL","31027"
"RURAL","31029"
"RURAL","31031"
"RURAL","31033"
"RURAL","31035"
"RURAL","31037"
"RURAL","31039"
"RURAL","31041"
"SIOUX CITY, IA","31043"
"RURAL","31045"
"RURAL","31047"
"RURAL","31049"
"RURAL","31051"
"RURAL","31053"
"OMAHA, NE","31055"
"RURAL","31057"
"RURAL","31059"
"RURAL","31061"
"RURAL","31063"
"RURAL","31065"
"RURAL","31067"
"RURAL","31069"
"RURAL","31071"
"RURAL","31073"
"RURAL","31075"
"RURAL","31077"
"RURAL","31079"
"RURAL","31081"
"RURAL","31083"
"RURAL","31085"
"RURAL","31087"
"RURAL","31089"
"RURAL","31091"
"RURAL","31093"
"RURAL","31095"
"RURAL","31097"
"RURAL","31099"
"RURAL","31101"
"RURAL","31105"
"RURAL","31107"
"LINCOLN, NE","31109"
"RURAL","31111"
"RURAL","31113"
"RURAL","31117"
"RURAL","31119"
"RURAL","31121"
"RURAL","31123"
"RURAL","31125"
"RURAL","31127"
"RURAL","31129"
"RURAL","31131"
"RURAL","31133"
"RURAL","31135"
"RURAL","31137"
"RURAL","31139"
"RURAL","31141"
"RURAL","31143"
"RURAL","31145"
"RURAL","31147"
"RURAL","31149"
"RURAL","31151"
"OMAHA, NE","31153"
"RURAL","31155"
"RURAL","31157"
"RURAL","31159"
"RURAL","31161"
"RURAL","31163"
"RURAL","31165"
"RURAL","31167"
"RURAL","31169"
"RURAL","31171"
"RURAL","31173"
"RURAL","31175"
"OMAHA, NE","31177"
"RURAL","31179"
"RURAL","31181"
"RURAL","31183"
"RURAL","31185"
"RURAL","32001"
"LAS VEGAS, NV","32003"
"RURAL","32005"
"RURAL","32007"
"RURAL","32009"
"RURAL","32013"
"RURAL","32015"
"RURAL","32017"
"RURAL","32019"
"RURAL","32021"
"LAS VEGAS, NV","32023"
"RURAL","32027"
"RURAL","32029"
"RENO, NV","32031"
"RURAL","32033"
"RURAL","32510"
"RURAL","33001"
"RURAL","33003"
"RURAL","33005"
"RURAL","33007"
"RURAL","33009"
"BOSTON, MA","33011"
"RURAL","33013"
"BOSTON, MA","33015"
"BOSTON, MA","33017"
"RURAL","33019"
"PHILADELPHIA, PA","34001"
"NEW YORK, NY","34003"
"PHILADELPHIA, PA","34005"
"PHILADELPHIA, PA","34007"
"PHILADELPHIA, PA","34009"
"PHILADELPHIA, PA","34011"
"NEW YORK, NY","34013"
"PHILADELPHIA, PA","34015"
"NEW YORK, NY","34017"
"NEW YORK, NY","34019"
"NEW YORK, NY","34021"
"NEW YORK, NY","34023"
"NEW YORK, NY","34025"
"NEW YORK, NY","34027"
"NEW YORK, NY","34029"
"NEW YORK, NY","34031"
"PHILADELPHIA, PA","34033"
"NEW YORK, NY","34035"
"NEW YORK, NY","34037"
"NEW YORK, NY","34039"
"NEW YORK, NY","34041"
"ALBUQUERQUE, NM","35001"
"RURAL","35003"
"RURAL","35005"
"RURAL","35006"
"RURAL","35007"
"RURAL","35009"
"RURAL","35011"
"LAS CRUCES, NM","35013"
"RURAL","35015"
"RURAL","35017"
"RURAL","35019"
"RURAL","35023"
"RURAL","35025"
"RURAL","35027"
"SANTA FE, NM","35028"
"RURAL","35029"
"RURAL","35031"
"RURAL","35033"
"RURAL","35035"
"RURAL","35037"
"RURAL","35039"
"RURAL","35041"
"ALBUQUERQUE, NM","35043"
"RURAL","35045"
"RURAL","35047"
"SANTA FE, NM","35049"
"RURAL","35051"
"RURAL","35053"
"RURAL","35055"
"RURAL","35057"
"RURAL","35059"
"ALBUQUERQUE, NM","35061"
"ALBANY, NY","36001"
"RURAL","36003"
"NEW YORK, NY","36005"
"BINGHAMTON, NY","36007"
"RURAL","36009"
"SYRACUSE, NY","36011"
"JAMESTOWN, NY","36013"
"ELMIRA, NY","36015"
"RURAL","36017"
"RURAL","36019"
"RURAL","36021"
"RURAL","36023"
"RURAL","36025"
"NEW YORK, NY","36027"
"BUFFALO, NY","36029"
"RURAL","36031"
"RURAL","36033"
"RURAL","36035"
"ROCHESTER, NY","36037"
"RURAL","36039"
"RURAL","36041"
"UTICA, NY","36043"
"RURAL","36045"
"NEW YORK, NY","36047"
"RURAL","36049"
"ROCHESTER, NY","36051"
"SYRACUSE, NY","36053"
"ROCHESTER, NY","36055"
"ALBANY, NY","36057"
"NEW YORK, NY","36059"
"NEW YORK, NY","36061"
"BUFFALO, NY","36063"
"UTICA, NY","36065"
"SYRACUSE, NY","36067"
"ROCHESTER, NY","36069"
"NEW YORK, NY","36071"
"ROCHESTER, NY","36073"
"SYRACUSE, NY","36075"
"RURAL","36077"
"NEW YORK, NY","36079"
"NEW YORK, NY","36081"
"ALBANY, NY","36083"
"NEW YORK, NY","36085"
"NEW YORK, NY","36087"
"RURAL","36089"
"ALBANY, NY","36091"
"ALBANY, NY","36093"
"ALBANY, NY","36095"
"RURAL","36097"
"RURAL","36099"
"RURAL","36101"
"NEW YORK, NY","36103"
"RURAL","36105"
"BINGHAMTON, NY","36107"
"RURAL","36109"
"RURAL","36111"
"GLENS FALLS, NY","36113"
"GLENS FALLS, NY","36115"
"ROCHESTER, NY","36117"
"NEW YORK, NY","36119"
"RURAL","36121"
"RURAL","36123"
"GREENSBORO, NC","37001"
"HICKORY, NC","37003"
"RURAL","37005"
"RURAL","37007"
"RURAL","37009"
"RURAL","37011"
"RURAL","37013"
"RURAL","37015"
"RURAL","37017"
"WILMINGTON, NC","37019"
"ASHEVILLE, NC","37021"
"HICKORY, NC","37023"
"CHARLOTTE, NC","37025"
"HICKORY, NC","37027"
"RURAL","37029"
"RURAL","37031"
"RURAL","37033"
"HICKORY, NC","37035"
"RALEIGH, NC","37037"
"RURAL","37039"
"RURAL","37041"
"RURAL","37043"
"RURAL","37045"
"RURAL","37047"
"RURAL","37049"
"FAYETTEVILLE, NC","37051"
"VIRGINIA BCH, VA","37053"
"RURAL","37055"
"GREENSBORO, NC","37057"
"GREENSBORO, NC","37059"
"RURAL","37061"
"RALEIGH, NC","37063"
"ROCKY MOUNT, NC","37065"
"GREENSBORO, NC","37067"
"RALEIGH, NC","37069"
"CHARLOTTE, NC","37071"
"RURAL","37073"
"RURAL","37075"
"RURAL","37077"
"RURAL","37079"
"GREENSBORO, NC","37081"
"RURAL","37083"
"RURAL","37085"
"RURAL","37087"
"RURAL","37089"
"RURAL","37091"
"RURAL","37093"
"RURAL","37095"
"RURAL","37097"
"RURAL","37099"
"RALEIGH, NC","37101"
"RURAL","37103"
"RURAL","37105"
"RURAL","37107"
"CHARLOTTE, NC","37109"
"RURAL","37111"
"RURAL","37113"
"ASHEVILLE, NC","37115"
"RURAL","37117"
"CHARLOTTE, NC","37119"
"RURAL","37121"
"RURAL","37123"
"RURAL","37125"
"RALEIGH, NC","37127"
"WILMINGTON, NC","37129"
"RURAL","37131"
"JACKSONVILLE, NC","37133"
"RALEIGH, NC","37135"
"RURAL","37137"
"RURAL","37139"
"RURAL","37141"
"RURAL","37143"
"RURAL","37145"
"GREENVILLE, NC","37147"
"RURAL","37149"
"GREENSBORO, NC","37151"
"RURAL","37153"
"RURAL","37155"
"RURAL","37157"
"CHARLOTTE, NC","37159"
"RURAL","37161"
"RURAL","37163"
"RURAL","37165"
"RURAL","37167"
"GREENSBORO, NC","37169"
"RURAL","37171"
"RURAL","37173"
"RURAL","37175"
"RURAL","37177"
"CHARLOTTE, NC","37179"
"RURAL","37181"
"RALEIGH, NC","37183"
"RURAL","37185"
"RURAL","37187"
"RURAL","37189"
"GOLDSBORO, NC","37191"
"RURAL","37193"
"RURAL","37195"
"GREENSBORO, NC","37197"
"RURAL","37199"
"RURAL","38001"
"RURAL","38003"
"RURAL","38005"
"RURAL","38007"
"RURAL","38009"
"RURAL","38011"
"RURAL","38013"
"BISMARCK, ND","38015"
"FARGO, ND","38017"
"RURAL","38019"
"RURAL","38021"
"RURAL","38023"
"RURAL","38025"
"RURAL","38027"
"RURAL","38029"
"RURAL","38031"
"RURAL","38033"
"GRAND FORKS, ND","38035"
"RURAL","38037"
"RURAL","38039"
"RURAL","38041"
"RURAL","38043"
"RURAL","38045"
"RURAL","38047"
"RURAL","38049"
"RURAL","38051"
"RURAL","38053"
"RURAL","38055"
"RURAL","38057"
"BISMARCK, ND","38059"
"RURAL","38061"
"RURAL","38063"
"RURAL","38065"
"RURAL","38067"
"RURAL","38069"
"RURAL","38071"
"RURAL","38073"
"RURAL","38075"
"RURAL","38077"
"RURAL","38079"
"RURAL","38081"
"RURAL","38083"
"RURAL","38085"
"RURAL","38087"
"RURAL","38089"
"RURAL","38091"
"RURAL","38093"
"RURAL","38095"
"RURAL","38097"
"RURAL","38099"
"RURAL","38101"
"RURAL","38103"
"RURAL","38105"
"RURAL","39001"
"LIMA, OH","39003"
"RURAL","39005"
"CLEVELAND, OH","39007"
"RURAL","39009"
"LIMA, OH","39011"
"WHEELING, WV","39013"
"CINCINNATI, OH","39015"
"CINCINNATI, OH","39017"
"CANTON, OH","39019"
"RURAL","39021"
"DAYTON, OH","39023"
"CINCINNATI, OH","39025"
"RURAL","39027"
"YOUNGSTOWN, OH","39029"
"RURAL","39031"
"MANSFIELD, OH","39033"
"CLEVELAND, OH","39035"
"RURAL","39037"
"RURAL","39039"
"COLUMBUS, OH","39041"
"RURAL","39043"
"COLUMBUS, OH","39045"
"RURAL","39047"
"COLUMBUS, OH","39049"
"TOLEDO, OH","39051"
"RURAL","39053"
"CLEVELAND, OH","39055"
"DAYTON, OH","39057"
"RURAL","39059"
"CINCINNATI, OH","39061"
"RURAL","39063"
"RURAL","39065"
"RURAL","39067"
"RURAL","39069"
"RURAL","39071"
"RURAL","39073"
"RURAL","39075"
"RURAL","39077"
"RURAL","39079"
"STEUBENVILLE, OH","39081"
"RURAL","39083"
"CLEVELAND, OH","39085"
"HUNTINGTON, WV","39087"
"COLUMBUS, OH","39089"
"RURAL","39091"
"CLEVELAND, OH","39093"
"TOLEDO, OH","39095"
"COLUMBUS, OH","39097"
"YOUNGSTOWN, OH","39099"
"RURAL","39101"
"CLEVELAND, OH","39103"
"RURAL","39105"
"RURAL","39107"
"DAYTON, OH","39109"
"RURAL","39111"
"DAYTON, OH","39113"
"RURAL","39115"
"RURAL","39117"
"RURAL","39119"
"RURAL","39121"
"RURAL","39123"
"RURAL","39125"
"RURAL","39127"
"COLUMBUS, OH","39129"
"RURAL","39131"
"CLEVELAND, OH","39133"
"RURAL","39135"
"RURAL","39137"
"MANSFIELD, OH","39139"
"RURAL","39141"
"RURAL","39143"
"RURAL","39145"
"RURAL","39147"
"RURAL","39149"
"CANTON, OH","39151"
"CLEVELAND, OH","39153"
"YOUNGSTOWN, OH","39155"
"RURAL","39157"
"RURAL","39159"
"RURAL","39161"
"RURAL","39163"
"CINCINNATI, OH","39165"
"PARKERSBURG, WV","39167"
"RURAL","39169"
"RURAL","39171"
"TOLEDO, OH","39173"
"RURAL","39175"
"RURAL","40001"
"RURAL","40003"
"RURAL","40005"
"RURAL","40007"
"RURAL","40009"
"RURAL","40011"
"RURAL","40013"
"RURAL","40015"
"OKLAHOMA CITY, OK","40017"
"RURAL","40019"
"RURAL","40021"
"RURAL","40023"
"RURAL","40025"
"OKLAHOMA CITY, OK","40027"
"RURAL","40029"
"LAWTON, OK","40031"
"RURAL","40033"
"RURAL","40035"
"TULSA, OK","40037"
"RURAL","40039"
"RURAL","40041"
"RURAL","40043"
"RURAL","40045"
"ENID, OK","40047"
"RURAL","40049"
"RURAL","40051"
"RURAL","40053"
"RURAL","40055"
"RURAL","40057"
"RURAL","40059"
"RURAL","40061"
"RURAL","40063"
"RURAL","40065"
"RURAL","40067"
"RURAL","40069"
"RURAL","40071"
"RURAL","40073"
"RURAL","40075"
"RURAL","40077"
"RURAL","40079"
"RURAL","40081"
"OKLAHOMA CITY, OK","40083"
"RURAL","40085"
"OKLAHOMA CITY, OK","40087"
"RURAL","40089"
"RURAL","40091"
"RURAL","40093"
"RURAL","40095"
"RURAL","40097"
"RURAL","40099"
"RURAL","40101"
"RURAL","40103"
"RURAL","40105"
"RURAL","40107"
"OKLAHOMA CITY, OK","40109"
"RURAL","40111"
"TULSA, OK","40113"
"RURAL","40115"
"RURAL","40117"
"RURAL","40119"
"RURAL","40121"
"RURAL","40123"
"OKLAHOMA CITY, OK","40125"
"RURAL","40127"
"RURAL","40129"
"TULSA, OK","40131"
"RURAL","40133"
"FORT SMITH, AR","40135"
"RURAL","40137"
"RURAL","40139"
"RURAL","40141"
"TULSA, OK","40143"
"TULSA, OK","40145"
"RURAL","40147"
"RURAL","40149"
"RURAL","40151"
"RURAL","40153"
"RURAL","41001"
"RURAL","41003"
"PORTLAND, OR","41005"
"RURAL","41007"
"PORTLAND, OR","41009"
"RURAL","41011"
"RURAL","41013"
"RURAL","41015"
"RURAL","41017"
"RURAL","41019"
"RURAL","41021"
"RURAL","41023"
"RURAL","41025"
"RURAL","41027"
"MEDFORD, OR","41029"
"RURAL","41031"
"RURAL","41033"
"RURAL","41035"
"RURAL","41037"
"EUGENE, OR","41039"
"RURAL","41041"
"RURAL","41043"
"RURAL","41045"
"PORTLAND, OR","41047"
"RURAL","41049"
"PORTLAND, OR","41051"
"PORTLAND, OR","41053"
"RURAL","41055"
"RURAL","41057"
"RURAL","41059"
"RURAL","41061"
"RURAL","41063"
"RURAL","41065"
"PORTLAND, OR","41067"
"RURAL","41069"
"PORTLAND, OR","41071"
"RURAL","42001"
"PITTSBURGH, PA","42003"
"RURAL","42005"
"PITTSBURGH, PA","42007"
"RURAL","42009"
"READING, PA","42011"
"ALTOONA, PA","42013"
"RURAL","42015"
"PHILADELPHIA, PA","42017"
"PITTSBURGH, PA","42019"
"JOHNSTOWN, PA","42021"
"RURAL","42023"
"ALLENTOWN, PA","42025"
"STATE COLLEGE, PA","42027"
"PHILADELPHIA, PA","42029"
"RURAL","42031"
"RURAL","42033"
"RURAL","42035"
"SCRANTON, PA","42037"
"RURAL","42039"
"HARRISBURG, PA","42041"
"HARRISBURG, PA","42043"
"PHILADELPHIA, PA","42045"
"RURAL","42047"
"ERIE, PA","42049"
"PITTSBURGH, PA","42051"
"RURAL","42053"
"RURAL","42055"
"RURAL","42057"
"RURAL","42059"
"RURAL","42061"
"RURAL","42063"
"RURAL","42065"
"RURAL","42067"
"SCRANTON, PA","42069"
"LANCASTER, PA","42071"
"RURAL","42073"
"HARRISBURG, PA","42075"
"ALLENTOWN, PA","42077"
"SCRANTON, PA","42079"
"WILLIAMSPORT, PA","42081"
"RURAL","42083"
"SHARON, PA","42085"
"RURAL","42087"
"RURAL","42089"
"PHILADELPHIA, PA","42091"
"RURAL","42093"
"ALLENTOWN, PA","42095"
"RURAL","42097"
"HARRISBURG, PA","42099"
"PHILADELPHIA, PA","42101"
"NEW YORK, NY","42103"
"RURAL","42105"
"RURAL","42107"
"RURAL","42109"
"JOHNSTOWN, PA","42111"
"RURAL","42113"
"RURAL","42115"
"RURAL","42117"
"RURAL","42119"
"RURAL","42121"
"RURAL","42123"
"PITTSBURGH, PA","42125"
"RURAL","42127"
"PITTSBURGH, PA","42129"
"SCRANTON, PA","42131"
"YORK, PA","42133"
"PROVIDENCE, RI","44001"
"PROVIDENCE, RI","44003"
"RURAL","44005"
"PROVIDENCE, RI","44007"
"PROVIDENCE, RI","44009"
"RURAL","45001"
"AUGUSTA, GA","45003"
"RURAL","45005"
"GREENVILLE, SC","45007"
"RURAL","45009"
"RURAL","45011"
"RURAL","45013"
"CHARLESTON, SC","45015"
"RURAL","45017"
"CHARLESTON, SC","45019"
"GREENVILLE, SC","45021"
"RURAL","45023"
"RURAL","45025"
"RURAL","45027"
"RURAL","45029"
"RURAL","45031"
"RURAL","45033"
"CHARLESTON, SC","45035"
"AUGUSTA, GA","45037"
"RURAL","45039"
"FLORENCE, SC","45041"
"RURAL","45043"
"GREENVILLE, SC","45045"
"RURAL","45047"
"RURAL","45049"
"MYRTLE BEACH, SC","45051"
"RURAL","45053"
"RURAL","45055"
"RURAL","45057"
"RURAL","45059"
"RURAL","45061"
"COLUMBIA, SC","45063"
"RURAL","45065"
"RURAL","45067"
"RURAL","45069"
"RURAL","45071"
"RURAL","45073"
"RURAL","45075"
"GREENVILLE, SC","45077"
"COLUMBIA, SC","45079"
"RURAL","45081"
"GREENVILLE, SC","45083"
"SUMTER, SC","45085"
"RURAL","45087"
"RURAL","45089"
"CHARLOTTE, NC","45091"
"RURAL","46003"
"RURAL","46005"
"RURAL","46007"
"RURAL","46009"
"RURAL","46011"
"RURAL","46013"
"RURAL","46015"
"RURAL","46017"
"RURAL","46019"
"RURAL","46023"
"RURAL","46025"
"RURAL","46027"
"RURAL","46029"
"RURAL","46031"
"RURAL","46033"
"RURAL","46035"
"RURAL","46037"
"RURAL","46039"
"RURAL","46041"
"RURAL","46043"
"RURAL","46045"
"RURAL","46047"
"RURAL","46049"
"RURAL","46051"
"RURAL","46053"
"RURAL","46055"
"RURAL","46057"
"RURAL","46059"
"RURAL","46063"
"RURAL","46065"
"RURAL","46067"
"RURAL","46069"
"RURAL","46071"
"RURAL","46073"
"RURAL","46075"
"RURAL","46077"
"RURAL","46079"
"RURAL","46081"
"SIOUX FALLS, SD","46083"
"RURAL","46085"
"RURAL","46087"
"RURAL","46089"
"RURAL","46091"
"RURAL","46093"
"RURAL","46095"
"RURAL","46097"
"SIOUX FALLS, SD","46099"
"RURAL","46101"
"RAPID CITY, SD","46103"
"RURAL","46105"
"RURAL","46107"
"RURAL","46109"
"RURAL","46111"
"RURAL","46113"
"RURAL","46115"
"RURAL","46117"
"RURAL","46119"
"RURAL","46121"
"RURAL","46123"
"RURAL","46125"
"RURAL","46127"
"RURAL","46129"
"RURAL","46135"
"RURAL","46137"
"KNOXVILLE, TN","47001"
"RURAL","47003"
"RURAL","47005"
"RURAL","47007"
"KNOXVILLE, TN","47009"
"RURAL","47011"
"RURAL","47013"
"RURAL","47015"
"RURAL","47017"
"JOHNSON CITY, TN","47019"
"NASHVILLE, TN","47021"
"JACKSON, TN","47023"
"RURAL","47025"
"RURAL","47027"
"RURAL","47029"
"RURAL","47031"
"RURAL","47033"
"RURAL","47035"
"NASHVILLE, TN","47037"
"RURAL","47039"
"RURAL","47041"
"NASHVILLE, TN","47043"
"RURAL","47045"
"MEMPHIS, TN","47047"
"RURAL","47049"
"RURAL","47051"
"RURAL","47053"
"RURAL","47055"
"RURAL","47057"
"RURAL","47059"
"RURAL","47061"
"RURAL","47063"
"CHATTANOOGA, TN","47065"
"RURAL","47067"
"RURAL","47069"
"RURAL","47071"
"JOHNSON CITY, TN","47073"
"RURAL","47075"
"RURAL","47077"
"RURAL","47079"
"RURAL","47081"
"RURAL","47083"
"RURAL","47085"
"RURAL","47087"
"RURAL","47089"
"RURAL","47091"
"KNOXVILLE, TN","47093"
"RURAL","47095"
"RURAL","47097"
"RURAL","47099"
"RURAL","47101"
"RURAL","47103"
"KNOXVILLE, TN","47105"
"RURAL","47107"
"RURAL","47109"
"RURAL","47111"
"JACKSON, TN","47113"
"CHATTANOOGA, TN","47115"
"RURAL","47117"
"RURAL","47119"
"RURAL","47121"
"RURAL","47123"
"CLARKSVILLE, TN","47125"
"RURAL","47127"
"RURAL","47129"
"RURAL","47131"
"RURAL","47133"
"RURAL","47135"
"RURAL","47137"
"RURAL","47139"
"RURAL","47141"
"RURAL","47143"
"RURAL","47145"
"NASHVILLE, TN","47147"
"NASHVILLE, TN","47149"
"RURAL","47151"
"RURAL","47153"
"KNOXVILLE, TN","47155"
"MEMPHIS, TN","47157"
"RURAL","47159"
"RURAL","47161"
"JOHNSON CITY, TN","47163"
"NASHVILLE, TN","47165"
"MEMPHIS, TN","47167"
"RURAL","47169"
"JOHNSON CITY, TN","47171"
"KNOXVILLE, TN","47173"
"RURAL","47177"
"JOHNSON CITY, TN","47179"
"RURAL","47181"
"RURAL","47183"
"RURAL","47185"
"NASHVILLE, TN","47187"
"NASHVILLE, TN","47189"
"RURAL","48001"
"RURAL","48003"
"RURAL","48005"
"RURAL","48007"
"WICHITA FALLS, TX","48009"
"RURAL","48011"
"RURAL","48013"
"RURAL","48015"
"RURAL","48017"
"RURAL","48019"
"AUSTIN, TX","48021"
"RURAL","48023"
"RURAL","48025"
"TEMPLE, TX","48027"
"SAN ANTONIO, TX","48029"
"RURAL","48031"
"RURAL","48033"
"RURAL","48035"
"TEXARKANA, TX","48037"
"HOUSTON, TX","48039"
"BRYAN, TX","48041"
"RURAL","48043"
"RURAL","48045"
"RURAL","48047"
"RURAL","48049"
"RURAL","48051"
"RURAL","48053"
"AUSTIN, TX","48055"
"RURAL","48057"
"RURAL","48059"
"HARLINGEN, TX","48061"
"RURAL","48063"
"RURAL","48065"
"RURAL","48067"
"RURAL","48069"
"HOUSTON, TX","48071"
"RURAL","48073"
"RURAL","48075"
"RURAL","48077"
"RURAL","48079"
"RURAL","48081"
"RURAL","48083"
"DALLAS, TX","48085"
"RURAL","48087"
"RURAL","48089"
"SAN ANTONIO, TX","48091"
"RURAL","48093"
"RURAL","48095"
"RURAL","48097"
"TEMPLE, TX","48099"
"RURAL","48101"
"RURAL","48103"
"RURAL","48105"
"RURAL","48107"
"RURAL","48109"
"RURAL","48111"
"DALLAS, TX","48113"
"RURAL","48115"
"RURAL","48117"
"RURAL","48119"
"DALLAS, TX","48121"
"RURAL","48123"
"RURAL","48125"
"RURAL","48127"
"RURAL","48129"
"RURAL","48131"
"RURAL","48133"
"MIDLAND, TX","48135"
"RURAL","48137"
"DALLAS, TX","48139"
"EL PASO, TX","48141"
"RURAL","48143"
"RURAL","48145"
"RURAL","48147"
"RURAL","48149"
"RURAL","48151"
"RURAL","48153"
"RURAL","48155"
"HOUSTON, TX","48157"
"RURAL","48159"
"RURAL","48161"
"RURAL","48163"
"RURAL","48165"
"HOUSTON, TX","48167"
"RURAL","48169"
"RURAL","48171"
"RURAL","48175"
"RURAL","48177"
"RURAL","48179"
"SHERMAN, TX","48181"
"LONGVIEW, TX","48183"
"RURAL","48185"
"SAN ANTONIO, TX","48187"
"RURAL","48189"
"RURAL","48191"
"RURAL","48193"
"RURAL","48195"
"RURAL","48197"
"BEAUMONT, TX","48199"
"HOUSTON, TX","48201"
"LONGVIEW, TX","48203"
"RURAL","48205"
"RURAL","48207"
"AUSTIN, TX","48209"
"RURAL","48211"
"DALLAS, TX","48213"
"MCALLEN, TX","48215"
"RURAL","48217"
"RURAL","48219"
"DALLAS, TX","48221"
"RURAL","48223"
"RURAL","48225"
"RURAL","48227"
"RURAL","48229"
"DALLAS, TX","48231"
"RURAL","48233"
"RURAL","48235"
"RURAL","48237"
"RURAL","48239"
"RURAL","48241"
"RURAL","48243"
"BEAUMONT, TX","48245"
"RURAL","48247"
"RURAL","48249"
"DALLAS, TX","48251"
"RURAL","48253"
"RURAL","48255"
"DALLAS, TX","48257"
"RURAL","48259"
"RURAL","48263"
"RURAL","48265"
"RURAL","48267"
"RURAL","48269"
"RURAL","48271"
"RURAL","48273"
"RURAL","48275"
"RURAL","48277"
"RURAL","48279"
"RURAL","48281"
"RURAL","48283"
"RURAL","48285"
"RURAL","48287"
"RURAL","48289"
"HOUSTON, TX","48291"
"RURAL","48293"
"RURAL","48295"
"RURAL","48297"
"RURAL","48299"
"LUBBOCK, TX","48303"
"RURAL","48305"
"RURAL","48307"
"WACO, TX","48309"
"RURAL","48311"
"RURAL","48313"
"RURAL","48315"
"RURAL","48317"
"RURAL","48319"
"RURAL","48321"
"RURAL","48323"
"RURAL","48325"
"RURAL","48327"
"MIDLAND, TX","48329"
"RURAL","48331"
"RURAL","48333"
"RURAL","48335"
"RURAL","48337"
"HOUSTON, TX","48339"
"RURAL","48341"
"RURAL","48343"
"RURAL","48345"
"RURAL","48347"
"RURAL","48349"
"RURAL","48351"
"RURAL","48353"
"CRP CHRISTI, TX","48355"
"RURAL","48357"
"RURAL","48359"
"BEAUMONT, TX","48361"
"RURAL","48363"
"RURAL","48365"
"DALLAS, TX","48367"
"RURAL","48369"
"RURAL","48371"
"RURAL","48373"
"AMARILLO, TX","48375"
"RURAL","48377"
"RURAL","48379"
"AMARILLO, TX","48381"
"RURAL","48383"
"RURAL","48385"
"RURAL","48387"
"RURAL","48389"
"RURAL","48391"
"RURAL","48393"
"RURAL","48395"
"DALLAS, TX","48397"
"RURAL","48399"
"RURAL","48401"
"RURAL","48403"
"RURAL","48405"
"RURAL","48407"
"CRP CHRISTI, TX","48409"
"RURAL","48411"
"RURAL","48413"
"RURAL","48415"
"RURAL","48417"
"RURAL","48419"
"RURAL","48421"
"TYLER, TX","48423"
"RURAL","48425"
"RURAL","48427"
"RURAL","48429"
"RURAL","48431"
"RURAL","48433"
"RURAL","48435"
"RURAL","48437"
"DALLAS, TX","48439"
"ABILENE, TX","48441"
"RURAL","48443"
"RURAL","48445"
"RURAL","48447"
"RURAL","48449"
"SAN ANGELO, TX","48451"
"AUSTIN, TX","48453"
"RURAL","48455"
"RURAL","48457"
"LONGVIEW, TX","48459"
"RURAL","48461"
"RURAL","48463"
"RURAL","48465"
"RURAL","48467"
"VICTORIA, TX","48469"
"RURAL","48471"
"HOUSTON, TX","48473"
"RURAL","48475"
"RURAL","48477"
"LAREDO, TX","48479"
"RURAL","48481"
"RURAL","48483"
"WICHITA FALLS, TX","48485"
"RURAL","48487"
"RURAL","48489"
"AUSTIN, TX","48491"
"SAN ANTONIO, TX","48493"
"RURAL","48495"
"RURAL","48497"
"RURAL","48499"
"RURAL","48501"
"RURAL","48503"
"RURAL","48505"
"RURAL","48507"
"RURAL","49003"
"RURAL","49005"
"RURAL","49007"
"RURAL","49009"
"SALT LAKE CTY, UT","49011"
"RURAL","49013"
"RURAL","49015"
"RURAL","49017"
"RURAL","49019"
"RURAL","49021"
"RURAL","49023"
"FLAGSTAFF, AZ","49025"
"RURAL","49027"
"RURAL","49029"
"RURAL","49031"
"RURAL","49033"
"SALT LAKE CTY, UT","49035"
"RURAL","49037"
"RURAL","49039"
"RURAL","49041"
"RURAL","49043"
"RURAL","49045"
"RURAL","49047"
"PROVO, UT","49049"
"RURAL","49051"
"RURAL","49053"
"RURAL","49055"
"SALT LAKE CTY, UT","49057"
"RURAL","50001"
"RURAL","50003"
"RURAL","50005"
"BURLINGTON, VT","50007"
"RURAL","50009"
"BURLINGTON, VT","50011"
"BURLINGTON, VT","50013"
"RURAL","50015"
"RURAL","50017"
"RURAL","50019"
"RURAL","50021"
"RURAL","50023"
"RURAL","50025"
"RURAL","50027"
"RURAL","51001"
"CHARLOTTESVLE, VA","51003"
"RURAL","51005"
"RURAL","51007"
"LYNCHBURG, VA","51009"
"RURAL","51011"
"WASHINGTON, DC","51013"
"RURAL","51015"
"RURAL","51017"
"LYNCHBURG, VA","51019"
"RURAL","51021"
"ROANOKE, VA","51023"
"RURAL","51025"
"RURAL","51027"
"RURAL","51029"
"LYNCHBURG, VA","51031"
"RURAL","51033"
"RURAL","51035"
"RICHMOND, VA","51036"
"RURAL","51037"
"RICHMOND, VA","51041"
"WASHINGTON, DC","51043"
"RURAL","51045"
"WASHINGTON, DC","51047"
"RURAL","51049"
"RURAL","51051"
"RICHMOND, VA","51053"
"RURAL","51057"
"WASHINGTON, DC","51059"
"WASHINGTON, DC","51061"
"RURAL","51063"
"CHARLOTTESVLE, VA","51065"
"RURAL","51067"
"RURAL","51069"
"RURAL","51071"
"VIRGINIA BCH, VA","51073"
"RICHMOND, VA","51075"
"RURAL","51077"
"CHARLOTTESVLE, VA","51079"
"RURAL","51081"
"RURAL","51083"
"RICHMOND, VA","51085"
"RICHMOND, VA","51087"
"RURAL","51089"
"RURAL","51091"
"VIRGINIA BCH, VA","51093"
"VIRGINIA BCH, VA","51095"
"RURAL","51097"
"WASHINGTON, DC","51099"
"RURAL","51101"
"RURAL","51103"
"RURAL","51105"
"WASHINGTON, DC","51107"
"RURAL","51109"
"RURAL","51111"
"RURAL","51113"
"VIRGINIA BCH, VA","51115"
"RURAL","51117"
"RURAL","51119"
"RURAL","51121"
"RURAL","51125"
"RICHMOND, VA","51127"
"RURAL","51131"
"RURAL","51133"
"RURAL","51135"
"RURAL","51137"
"RURAL","51139"
"RURAL","51141"
"DANVILLE, VA","51143"
"RICHMOND, VA","51145"
"RURAL","51147"
"RICHMOND, VA","51149"
"WASHINGTON, DC","51153"
"RURAL","51155"
"RURAL","51157"
"RURAL","51159"
"ROANOKE, VA","51161"
"RURAL","51163"
"RURAL","51165"
"RURAL","51167"
"JOHNSON CITY, TN","51169"
"RURAL","51171"
"RURAL","51173"
"RURAL","51175"
"WASHINGTON, DC","51177"
"WASHINGTON, DC","51179"
"RURAL","51181"
"RURAL","51183"
"RURAL","51185"
"WASHINGTON, DC","51187"
"JOHNSON CITY, TN","51191"
"RURAL","51193"
"RURAL","51195"
"RURAL","51197"
"VIRGINIA BCH, VA","51199"
"WASHINGTON, DC","51510"
"JOHNSON CITY, TN","51520"
"RURAL","51530"
"CHARLOTTESVLE, VA","51540"
"VIRGINIA BCH, VA","51550"
"RICHMOND, VA","51570"
"RURAL","51580"
"DANVILLE, VA","51590"
"WASHINGTON, DC","51600"
"WASHINGTON, DC","51610"
"RURAL","51620"
"WASHINGTON, DC","51630"
"RURAL","51640"
"VIRGINIA BCH, VA","51650"
"RURAL","51660"
"RICHMOND, VA","51670"
"RURAL","51678"
"LYNCHBURG, VA","51680"
"WASHINGTON, DC","51683"
"WASHINGTON, DC","51685"
"RURAL","51690"
"VIRGINIA BCH, VA","51700"
"VIRGINIA BCH, VA","51710"
"RURAL","51720"
"RICHMOND, VA","51730"
"VIRGINIA BCH, VA","51735"
"VIRGINIA BCH, VA","51740"
"RURAL","51750"
"RICHMOND, VA","51760"
"ROANOKE, VA","51770"
"ROANOKE, VA","51775"
"RURAL","51790"
"VIRGINIA BCH, VA","51800"
"VIRGINIA BCH, VA","51810"
"RURAL","51820"
"VIRGINIA BCH, VA","51830"
"RURAL","51840"
"RURAL","53001"
"RURAL","53003"
"RICHLAND, WA","53005"
"RURAL","53007"
"RURAL","53009"
"PORTLAND, OR","53011"
"RURAL","53013"
"RURAL","53015"
"RURAL","53017"
"RURAL","53019"
"RICHLAND, WA","53021"
"RURAL","53023"
"RURAL","53025"
"RURAL","53027"
"SEATTLE, WA","53029"
"RURAL","53031"
"SEATTLE, WA","53033"
"SEATTLE, WA","53035"
"RURAL","53037"
"RURAL","53039"
"RURAL","53041"
"RURAL","53043"
"RURAL","53045"
"RURAL","53047"
"RURAL","53049"
"RURAL","53051"
"SEATTLE, WA","53053"
"RURAL","53055"
"RURAL","53057"
"RURAL","53059"
"SEATTLE, WA","53061"
"SPOKANE, WA","53063"
"RURAL","53065"
"SEATTLE, WA","53067"
"RURAL","53069"
"RURAL","53071"
"BELLINGHAM, WA","53073"
"RURAL","53075"
"YAKIMA, WA","53077"
"RURAL","54001"
"WASHINGTON, DC","54003"
"RURAL","54005"
"RURAL","54007"
"STEUBENVILLE, OH","54009"
"HUNTINGTON, WV","54011"
"RURAL","54013"
"RURAL","54015"
"RURAL","54017"
"RURAL","54019"
"RURAL","54021"
"RURAL","54023"
"RURAL","54025"
"RURAL","54027"
"STEUBENVILLE, OH","54029"
"RURAL","54031"
"RURAL","54033"
"RURAL","54035"
"WASHINGTON, DC","54037"
"CHARLESTON, WV","54039"
"RURAL","54041"
"RURAL","54043"
"RURAL","54045"
"RURAL","54047"
"RURAL","54049"
"WHEELING, WV","54051"
"RURAL","54053"
"RURAL","54055"
"CUMBERLAND, MD","54057"
"RURAL","54059"
"RURAL","54061"
"RURAL","54063"
"RURAL","54065"
"RURAL","54067"
"WHEELING, WV","54069"
"RURAL","54071"
"RURAL","54073"
"RURAL","54075"
"RURAL","54077"
"CHARLESTON, WV","54079"
"RURAL","54081"
"RURAL","54083"
"RURAL","54085"
"RURAL","54087"
"RURAL","54089"
"RURAL","54091"
"RURAL","54093"
"RURAL","54095"
"RURAL","54097"
"HUNTINGTON, WV","54099"
"RURAL","54101"
"RURAL","54103"
"RURAL","54105"
"PARKERSBURG, WV","54107"
"RURAL","54109"
"RURAL","55001"
"RURAL","55003"
"RURAL","55005"
"RURAL","55007"
"GREEN BAY, WI","55009"
"RURAL","55011"
"RURAL","55013"
"APPLETON, WI","55015"
"EAU CLAIRE, WI","55017"
"RURAL","55019"
"RURAL","55021"
"RURAL","55023"
"MADISON, WI","55025"
"RURAL","55027"
"RURAL","55029"
"DULUTH, MN","55031"
"RURAL","55033"
"EAU CLAIRE, WI","55035"
"RURAL","55037"
"RURAL","55039"
"RURAL","55041"
"RURAL","55043"
"RURAL","55045"
"RURAL","55047"
"RURAL","55049"
"RURAL","55051"
"RURAL","55053"
"RURAL","55055"
"RURAL","55057"
"CHICAGO, IL","55059"
"RURAL","55061"
"LA CROSSE, WI","55063"
"RURAL","55065"
"RURAL","55067"
"RURAL","55069"
"RURAL","55071"
"WAUSAU, WI","55073"
"RURAL","55075"
"RURAL","55077"
"RURAL","55078"
"MILWAUKEE, WI","55079"
"RURAL","55081"
"RURAL","55083"
"RURAL","55085"
"APPLETON, WI","55087"
"MILWAUKEE, WI","55089"
"RURAL","55091"
"MINNEAPOLIS, MN","55093"
"RURAL","55095"
"RURAL","55097"
"RURAL","55099"
"MILWAUKEE, WI","55101"
"RURAL","55103"
"JANESVILLE, WI","55105"
"RURAL","55107"
"MINNEAPOLIS, MN","55109"
"RURAL","55111"
"RURAL","55113"
"RURAL","55115"
"SHEBOYGAN, WI","55117"
"RURAL","55119"
"RURAL","55121"
"RURAL","55123"
"RURAL","55125"
"RURAL","55127"
"RURAL","55129"
"MILWAUKEE, WI","55131"
"MILWAUKEE, WI","55133"
"RURAL","55135"
"RURAL","55137"
"APPLETON, WI","55139"
"RURAL","55141"
"RURAL","56001"
"RURAL","56003"
"RURAL","56005"
"RURAL","56007"
"RURAL","56009"
"RURAL","56011"
"RURAL","56013"
"RURAL","56015"
"RURAL","56017"
"RURAL","56019"
"CHEYENNE, WY","56021"
"RURAL","56023"
"CASPER, WY","56025"
"RURAL","56027"
"RURAL","56029"
"RURAL","56031"
"RURAL","56033"
"RURAL","56035"
"RURAL","56037"
"RURAL","56039"
"RURAL","56041"
"RURAL","56043"
"RURAL","56045"
"RURAL","60050"
"RURAL","64003"
"RURAL","66010"
"RURAL","69010"
"RURAL","70030"
"RURAL","72001"
"RURAL","72003"
"RURAL","72005"
"RURAL","72007"
"RURAL","72009"
"RURAL","72011"
"RURAL","72013"
"RURAL","72015"
"RURAL","72017"
"RURAL","72021"
"RURAL","72023"
"RURAL","72025"
"RURAL","72027"
"RURAL","72029"
"RURAL","72031"
"RURAL","72033"
"RURAL","72035"
"RURAL","72037"
"RURAL","72039"
"RURAL","72041"
"RURAL","72043"
"RURAL","72049"
"RURAL","72051"
"RURAL","72053"
"RURAL","72054"
"RURAL","72055"
"RURAL","72057"
"RURAL","72061"
"RURAL","72063"
"RURAL","72065"
"RURAL","72067"
"RURAL","72069"
"RURAL","72071"
"RURAL","72075"
"RURAL","72077"
"RURAL","72081"
"RURAL","72083"
"RURAL","72085"
"RURAL","72087"
"RURAL","72089"
"RURAL","72091"
"RURAL","72095"
"RURAL","72097"
"RURAL","72099"
"RURAL","72101"
"RURAL","72103"
"RURAL","72105"
"RURAL","72109"
"RURAL","72113"
"RURAL","72115"
"RURAL","72117"
"RURAL","72119"
"RURAL","72121"
"RURAL","72123"
"RURAL","72125"
"RURAL","72127"
"RURAL","72129"
"RURAL","72131"
"RURAL","72133"
"RURAL","72137"
"RURAL","72139"
"RURAL","72141"
"RURAL","72143"
"RURAL","72145"
"RURAL","72147"
"RURAL","72149"
"RURAL","72153"
"RURAL","78010"
"RURAL","78020"
"RURAL","78030"
"RURAL","AE"
"RURAL","AP"
NA,NA
